Title,Website,Link,Date
JavaScript is no longer the favorite programming language for ...,TechRadar,https://www.techradar.com/news/javascript-no-longer-the-favorite-language-among-developers,2022-09-19
Javascript Redirects & SEO: When & How To Use Them,Search Engine Journal,https://www.searchenginejournal.com/javascript-redirects-for-seo/462072/,2022-09-19
Basics Of JavaScript SEO For Ecommerce: What You Need To ...,Search Engine Journal,https://www.searchenginejournal.com/basics-of-javascript-seo-for-ecommerce/463663/,2022-09-19
How to Convert HTML to an Image in JavaScript,MakeUseOf,https://www.makeuseof.com/html-image-convert-javascript/,2022-09-19
The seventh way to call a JavaScript function without ...,PortSwigger,https://portswigger.net/research/the-seventh-way-to-call-a-javascript-function-without-parentheses,2022-09-19
Creating a Wordle with TDD in Javascript,HackerNoon,https://hackernoon.com/creating-a-wordle-with-tdd-in-javascript,2022-09-19
A Guide to Rounding Numbers in JavaScript,SitePoint,https://www.sitepoint.com/rounding-numbers-javascript/,2022-09-19
Quick Tip: How to Transform the Character Case of a String in ...,SitePoint,https://www.sitepoint.com/transform-string-character-case-javascript/,2022-09-19
MemLab: An open source framework for finding JavaScript ...,Engineering at Meta,https://engineering.fb.com/2022/09/12/open-source/memlab/,2022-09-19
Quick Tip: How to Split a String into Substrings in JavaScript,SitePoint,https://www.sitepoint.com/string-substrings-javascript/,2022-09-19
Brendan Eich: Don’t blame cookies and JavaScript,InfoWorld,https://www.infoworld.com/article/3673292/brendan-eich-dont-blame-cookies-and-javascript.html,2022-09-20
Basics Of JavaScript SEO For Ecommerce: What You Need To ...,Search Engine Journal,https://www.searchenginejournal.com/basics-of-javascript-seo-for-ecommerce/463663/,2022-09-20
Javascript Redirects & SEO: When & How To Use Them,Search Engine Journal,https://www.searchenginejournal.com/javascript-redirects-for-seo/462072/,2022-09-20
Hybrid Web Frameworks Q&A with Allen Conway: Reach ...,Visual Studio Magazine,https://visualstudiomagazine.com/articles/2022/09/19/hybrid-web-frameworks.aspx?m=1,2022-09-20
JavaScript is no longer the favorite programming language for ...,TechRadar,https://www.techradar.com/news/javascript-no-longer-the-favorite-language-among-developers,2022-09-20
How to Convert HTML to an Image in JavaScript,MakeUseOf,https://www.makeuseof.com/html-image-convert-javascript/,2022-09-20
Creating a Wordle with TDD in Javascript,HackerNoon,https://hackernoon.com/creating-a-wordle-with-tdd-in-javascript,2022-09-20
A Guide to Rounding Numbers in JavaScript,SitePoint,https://www.sitepoint.com/rounding-numbers-javascript/,2022-09-20
Facebook MemLab Helps Finding JavaScript Memory Leaks,InfoQ,https://www.infoq.com/news/2022/09/memlab-javascript-memory-leaks/,2022-09-20
Quick Tip: How to Split a String into Substrings in JavaScript,SitePoint,https://www.sitepoint.com/string-substrings-javascript/,2022-09-20
Generating Random Numbers in JavaScript with Math.random(),SitePoint,https://www.sitepoint.com/generate-random-numbers-javascript/,2022-09-21
Brendan Eich: Don’t blame cookies and JavaScript,InfoWorld,https://www.infoworld.com/article/3673292/brendan-eich-dont-blame-cookies-and-javascript.html,2022-09-21
Javascript Redirects & SEO: When & How To Use Them,Search Engine Journal,https://www.searchenginejournal.com/javascript-redirects-for-seo/462072/,2022-09-21
Basics Of JavaScript SEO For Ecommerce: What You Need To ...,Search Engine Journal,https://www.searchenginejournal.com/basics-of-javascript-seo-for-ecommerce/463663/,2022-09-21
JavaScript is no longer the favorite programming language for ...,TechRadar,https://www.techradar.com/news/javascript-no-longer-the-favorite-language-among-developers,2022-09-21
Hybrid Web Frameworks Q&A with Allen Conway: Reach ...,Visual Studio Magazine,https://visualstudiomagazine.com/articles/2022/09/19/hybrid-web-frameworks.aspx?m=1,2022-09-21
How to Convert HTML to an Image in JavaScript,MakeUseOf,https://www.makeuseof.com/html-image-convert-javascript/,2022-09-21
Creating a Wordle with TDD in Javascript,HackerNoon,https://hackernoon.com/creating-a-wordle-with-tdd-in-javascript,2022-09-21
A Guide to Rounding Numbers in JavaScript,SitePoint,https://www.sitepoint.com/rounding-numbers-javascript/,2022-09-21
Quick Tip: How to Transform the Character Case of a String in ...,SitePoint,https://www.sitepoint.com/transform-string-character-case-javascript/,2022-09-21
Luxon - Better Date and Time Management in JavaScript,InfoQ,https://www.infoq.com/news/2022/09/luxon-date-management/,2022-09-22
Javascript Redirects & SEO: When & How To Use Them,Search Engine Journal,https://www.searchenginejournal.com/javascript-redirects-for-seo/462072/,2022-09-22
Brendan Eich: Don’t blame cookies and JavaScript,InfoWorld,https://www.infoworld.com/article/3673292/brendan-eich-dont-blame-cookies-and-javascript.html,2022-09-22
Generating Random Numbers in JavaScript with Math.random(),SitePoint,https://www.sitepoint.com/generate-random-numbers-javascript/,2022-09-22
Basics Of JavaScript SEO For Ecommerce: What You Need To ...,Search Engine Journal,https://www.searchenginejournal.com/basics-of-javascript-seo-for-ecommerce/463663/,2022-09-22
How to Convert HTML to an Image in JavaScript,MakeUseOf,https://www.makeuseof.com/html-image-convert-javascript/,2022-09-22
JavaScript is no longer the favorite programming language for ...,TechRadar,https://www.techradar.com/news/javascript-no-longer-the-favorite-language-among-developers,2022-09-22
Hybrid Web Frameworks Q&A with Allen Conway: Reach ...,Visual Studio Magazine,https://visualstudiomagazine.com/articles/2022/09/19/hybrid-web-frameworks.aspx?m=1,2022-09-22
Quick Tip: How to Transform the Character Case of a String in ...,SitePoint,https://www.sitepoint.com/transform-string-character-case-javascript/,2022-09-22
How to Use Google Docs as a Code Runner,Digital Inspiration,https://www.labnol.org/javascript-code-in-google-docs-220922,2022-09-22
How to Import and Export Functions in JavaScript,MakeUseOf,https://www.makeuseof.com/how-to-import-and-export-functions-in-javascript/,2022-09-23
Basics Of JavaScript SEO For Ecommerce: What You Need To ...,Search Engine Journal,https://www.searchenginejournal.com/basics-of-javascript-seo-for-ecommerce/463663/,2022-09-23
Quick Tip: Testing if a String Matches a Regex in JavaScript,SitePoint,https://www.sitepoint.com/test-string-match-regex-javascript/,2022-09-23
Luxon - Better Date and Time Management in JavaScript,InfoQ,https://www.infoq.com/news/2022/09/luxon-date-management/,2022-09-23
Generating Random Numbers in JavaScript with Math.random(),SitePoint,https://www.sitepoint.com/generate-random-numbers-javascript/,2022-09-23
Brendan Eich: Don’t blame cookies and JavaScript,InfoWorld,https://www.infoworld.com/article/3673292/brendan-eich-dont-blame-cookies-and-javascript.html,2022-09-23
JavaScript is no longer the favorite programming language for ...,TechRadar,https://www.techradar.com/news/javascript-no-longer-the-favorite-language-among-developers,2022-09-23
Hybrid Web Frameworks Q&A with Allen Conway: Reach ...,Visual Studio Magazine,https://visualstudiomagazine.com/articles/2022/09/19/hybrid-web-frameworks.aspx,2022-09-23
How to Use Google Docs as a Code Runner,Digital Inspiration,https://www.labnol.org/javascript-code-in-google-docs-220922,2022-09-23
Make Delete and Edit Buttons Work - JavaScript,SitePoint,https://www.sitepoint.com/community/t/make-delete-and-edit-buttons-work/396508,2022-09-23
How to Import and Export Functions in JavaScript,MakeUseOf,https://www.makeuseof.com/how-to-import-and-export-functions-in-javascript/,2022-09-24
SEO poisoning campaign directs search engine visitors from multiple industries to JavaScript malware,CSO Online,https://www.csoonline.com/article/3674791/seo-poisoning-campaign-directs-search-engine-visitors-from-multiple-industries-to-javascript-malwar.html,2022-09-24
Luxon - Better Date and Time Management in JavaScript,InfoQ,https://www.infoq.com/news/2022/09/luxon-date-management/,2022-09-24
Brendan Eich: Don’t blame cookies and JavaScript,InfoWorld,https://www.infoworld.com/article/3673292/brendan-eich-dont-blame-cookies-and-javascript.html,2022-09-24
Generating Random Numbers in JavaScript with Math.random(),SitePoint,https://www.sitepoint.com/generate-random-numbers-javascript/,2022-09-24
Quick Tip: Testing if a String Matches a Regex in JavaScript,SitePoint,https://www.sitepoint.com/test-string-match-regex-javascript/,2022-09-24
Hybrid Web Frameworks Q&A with Allen Conway: Reach ...,Visual Studio Magazine,https://visualstudiomagazine.com/articles/2022/09/19/hybrid-web-frameworks.aspx,2022-09-24
How to Use Google Docs as a Code Runner,Digital Inspiration,https://www.labnol.org/javascript-code-in-google-docs-220922,2022-09-24
Make Delete and Edit Buttons Work - JavaScript,SitePoint,https://www.sitepoint.com/community/t/make-delete-and-edit-buttons-work/396508,2022-09-24
CoderPad adds front-end frameworks to aid managers in ...,SiliconANGLE,https://siliconangle.com/2022/09/21/exclusivecoderpad-adds-front-end-frameworks-aid-managers-hiring-developers/,2022-09-24
How to Import and Export Functions in JavaScript,MakeUseOf,https://www.makeuseof.com/how-to-import-and-export-functions-in-javascript/,2022-09-25
SEO poisoning campaign directs search engine visitors from multiple industries to JavaScript malware,CSO Online,https://www.csoonline.com/article/3674791/seo-poisoning-campaign-directs-search-engine-visitors-from-multiple-industries-to-javascript-malwar.html,2022-09-25
Brendan Eich: Don’t blame cookies and JavaScript,InfoWorld,https://www.infoworld.com/article/3673292/brendan-eich-dont-blame-cookies-and-javascript.html,2022-09-25
Luxon - Better Date and Time Management in JavaScript,InfoQ,https://www.infoq.com/news/2022/09/luxon-date-management/,2022-09-25
Generating Random Numbers in JavaScript with Math.random(),SitePoint,https://www.sitepoint.com/generate-random-numbers-javascript/,2022-09-25
Quick Tip: Testing if a String Matches a Regex in JavaScript,SitePoint,https://www.sitepoint.com/test-string-match-regex-javascript/,2022-09-25
Hybrid Web Frameworks Q&A with Allen Conway: Reach ...,Visual Studio Magazine,https://visualstudiomagazine.com/articles/2022/09/19/hybrid-web-frameworks.aspx,2022-09-25
How to Use Google Docs as a Code Runner,Digital Inspiration,https://www.labnol.org/javascript-code-in-google-docs-220922,2022-09-25
Make Delete and Edit Buttons Work - JavaScript,SitePoint,https://www.sitepoint.com/community/t/make-delete-and-edit-buttons-work/396508,2022-09-25
WebAssembly Steals the ASP.NET Core Show in .NET 7 RC1,Visual Studio Magazine,https://visualstudiomagazine.com/articles/2022/09/20/aspnet-core-updates.aspx,2022-09-25
An Introduction to Module Systems in JavaScript,MakeUseOf,https://www.makeuseof.com/javascript-module-systems/,2022-09-26
How to Import and Export Functions in JavaScript,MakeUseOf,https://www.makeuseof.com/how-to-import-and-export-functions-in-javascript/,2022-09-26
SEO poisoning campaign directs search engine visitors from multiple industries to JavaScript malware,CSO Online,https://www.csoonline.com/article/3674791/seo-poisoning-campaign-directs-search-engine-visitors-from-multiple-industries-to-javascript-malwar.html,2022-09-26
Generating Random Numbers in JavaScript with Math.random(),SitePoint,https://www.sitepoint.com/generate-random-numbers-javascript/,2022-09-26
Luxon - Better Date and Time Management in JavaScript,InfoQ,https://www.infoq.com/news/2022/09/luxon-date-management/,2022-09-26
Quick Tip: Testing if a String Matches a Regex in JavaScript,SitePoint,https://www.sitepoint.com/test-string-match-regex-javascript/,2022-09-26
Hybrid Web Frameworks Q&A with Allen Conway: Reach ...,Visual Studio Magazine,https://visualstudiomagazine.com/articles/2022/09/19/hybrid-web-frameworks.aspx,2022-09-26
How to Use Google Docs as a Code Runner,Digital Inspiration,https://www.labnol.org/javascript-code-in-google-docs-220922,2022-09-26
Make Delete and Edit Buttons Work - JavaScript,SitePoint,https://www.sitepoint.com/community/t/make-delete-and-edit-buttons-work/396508,2022-09-26
"Learn Python, C++, Java and more with 14 courses for $40",Engadget,https://www.engadget.com/2023-premium-learn-to-code-certification-bundle-145556224.html,2022-09-26
An Introduction to Module Systems in JavaScript,MakeUseOf,https://www.makeuseof.com/javascript-module-systems/,2022-09-27
How to Import and Export Functions in JavaScript,MakeUseOf,https://www.makeuseof.com/how-to-import-and-export-functions-in-javascript/,2022-09-27
Generating Random Numbers in JavaScript with Math.random(),SitePoint,https://www.sitepoint.com/generate-random-numbers-javascript/,2022-09-27
SEO poisoning campaign directs search engine visitors from multiple industries to JavaScript malware,CSO Online,https://www.csoonline.com/article/3674791/seo-poisoning-campaign-directs-search-engine-visitors-from-multiple-industries-to-javascript-malwar.html,2022-09-27
Quick Tip: Testing if a String Matches a Regex in JavaScript,SitePoint,https://www.sitepoint.com/test-string-match-regex-javascript/,2022-09-27
Luxon - Better Date and Time Management in JavaScript,InfoQ,https://www.infoq.com/news/2022/09/luxon-date-management/,2022-09-27
Array map returning array of undefined values - JavaScript,SitePoint,https://www.sitepoint.com/community/t/array-map-returning-array-of-undefined-values/397092,2022-09-27
Why People Hate Electron.js (and Why It's Still So Popular),Analytics India Magazine,https://analyticsindiamag.com/why-people-hate-electron-js-and-why-its-still-so-popular/,2022-09-27
New TypeScript operator finds coding mistakes,InfoWorld,https://www.infoworld.com/article/3674814/new-typescript-operator-finds-coding-mistakes.html,2022-09-27
How to Use Google Docs as a Code Runner,Digital Inspiration,https://www.labnol.org/javascript-code-in-google-docs-220922,2022-09-27
Understanding Constructors in JavaScript,MakeUseOf,https://www.makeuseof.com/javascript-constructors-understanding/,2022-09-28
Useful JavaScript Math Functions and How to Use Them,SitePoint,https://www.sitepoint.com/javascript-math-functions/,2022-09-28
An Introduction to Module Systems in JavaScript,MakeUseOf,https://www.makeuseof.com/javascript-module-systems/,2022-09-28
Microsoft .NET 7 bolsters WebAssembly support,InfoWorld,https://www.infoworld.com/article/3674862/microsoft-net-7-bolsters-webassembly-support.html,2022-09-28
How to Import and Export Functions in JavaScript,MakeUseOf,https://www.makeuseof.com/how-to-import-and-export-functions-in-javascript/,2022-09-28
Why when i try to deobfuscate it crashes,SitePoint,https://www.sitepoint.com/community/t/why-when-i-try-to-deobfuscate-it-crashes/397183,2022-09-28
SEO poisoning campaign directs search engine visitors from multiple industries to JavaScript malware,CSO Online,https://www.csoonline.com/article/3674791/seo-poisoning-campaign-directs-search-engine-visitors-from-multiple-industries-to-javascript-malwar.html,2022-09-28
Quick Tip: Testing if a String Matches a Regex in JavaScript,SitePoint,https://www.sitepoint.com/test-string-match-regex-javascript/,2022-09-28
Luxon - Better Date and Time Management in JavaScript,InfoQ,https://www.infoq.com/news/2022/09/luxon-date-management/,2022-09-28
Array map returning array of undefined values - JavaScript,SitePoint,https://www.sitepoint.com/community/t/array-map-returning-array-of-undefined-values/397092,2022-09-28
Where JavaScript is headed in 2022,InfoWorld,https://www.infoworld.com/article/3674859/where-javascript-is-headed-in-2022.html,2022-09-29
Where JavaScript is headed in 2022,Channel Asia,https://sg.channelasia.tech/article/701947/where-javascript-headed-2022/,2022-09-29
Understanding Constructors in JavaScript,MakeUseOf,https://www.makeuseof.com/javascript-constructors-understanding/,2022-09-29
Useful JavaScript Math Functions and How to Use Them,SitePoint,https://www.sitepoint.com/javascript-math-functions/,2022-09-29
"Cloudflare previews workerd, an open source JavaScript ...",DevClass,https://devclass.com/2022/09/28/cloudflare-previews-workerd-an-open-source-javascript-wasm-runtime-for-nanoservices/,2022-09-29
An Introduction to Module Systems in JavaScript,MakeUseOf,https://www.makeuseof.com/javascript-module-systems/,2022-09-29
Cloudflare's invisible CAPTCHA works by probing browsers with JavaScript,The Register,https://www.theregister.com/2022/09/28/cloudflares_new_captcha_killer_enters/,2022-09-29
How to Import and Export Functions in JavaScript,MakeUseOf,https://www.makeuseof.com/how-to-import-and-export-functions-in-javascript/,2022-09-29
SEO poisoning campaign directs search engine visitors from multiple industries to JavaScript malware,CSO Online,https://www.csoonline.com/article/3674791/seo-poisoning-campaign-directs-search-engine-visitors-from-multiple-industries-to-javascript-malwar.html,2022-09-29
Quick Tip: Testing if a String Matches a Regex in JavaScript,SitePoint,https://www.sitepoint.com/test-string-match-regex-javascript/,2022-09-29
Where JavaScript is headed in 2022,InfoWorld,https://www.infoworld.com/article/3674859/where-javascript-is-headed-in-2022.html,2022-09-30
"How to learn Python, Javascript, C++, and more for just $40",ZDNET,https://www.zdnet.com/article/how-to-learn-python-javascript-c-and-more-for-just-40/,2022-09-30
Can Choosing JavaScript over Python Make You Earn Six ...,Analytics Insight,https://www.analyticsinsight.net/can-choosing-javascript-over-python-make-you-earn-six-figures/,2022-09-30
Useful JavaScript Math Functions and How to Use Them,SitePoint,https://www.sitepoint.com/javascript-math-functions/,2022-09-30
Understanding Constructors in JavaScript,MakeUseOf,https://www.makeuseof.com/javascript-constructors-understanding/,2022-09-30
An Introduction to Module Systems in JavaScript,MakeUseOf,https://www.makeuseof.com/javascript-module-systems/,2022-09-30
"Cloudflare previews workerd, an open source JavaScript ...",DevClass,https://devclass.com/2022/09/28/cloudflare-previews-workerd-an-open-source-javascript-wasm-runtime-for-nanoservices/,2022-09-30
Cloudflare's invisible CAPTCHA works by probing browsers with JavaScript,The Register,https://www.theregister.com/2022/09/28/cloudflares_new_captcha_killer_enters/,2022-09-30
SEO poisoning campaign directs search engine visitors from multiple industries to JavaScript malware,CSO Online,https://www.csoonline.com/article/3674791/seo-poisoning-campaign-directs-search-engine-visitors-from-multiple-industries-to-javascript-malwar.html,2022-09-30
Microsoft .NET 7 bolsters WebAssembly support,InfoWorld,https://www.infoworld.com/article/3674862/microsoft-net-7-bolsters-webassembly-support.html,2022-09-30
Where JavaScript is headed in 2022,InfoWorld,https://www.infoworld.com/article/3674859/where-javascript-is-headed-in-2022.html,2022-10-01
Can Choosing JavaScript over Python Make You Earn Six ...,Analytics Insight,https://www.analyticsinsight.net/can-choosing-javascript-over-python-make-you-earn-six-figures/,2022-10-01
"How to learn Python, Javascript, C++, and more for just $40",ZDNET,https://www.zdnet.com/article/how-to-learn-python-javascript-c-and-more-for-just-40/,2022-10-01
Useful JavaScript Math Functions and How to Use Them,SitePoint,https://www.sitepoint.com/javascript-math-functions/,2022-10-01
Understanding Constructors in JavaScript,MakeUseOf,https://www.makeuseof.com/javascript-constructors-understanding/,2022-10-01
An Introduction to Module Systems in JavaScript,MakeUseOf,https://www.makeuseof.com/javascript-module-systems/,2022-10-01
"Cloudflare previews workerd, an open source JavaScript ...",DevClass,https://devclass.com/2022/09/28/cloudflare-previews-workerd-an-open-source-javascript-wasm-runtime-for-nanoservices/,2022-10-01
Microsoft .NET 7 bolsters WebAssembly support,InfoWorld,https://www.infoworld.com/article/3674862/microsoft-net-7-bolsters-webassembly-support.html,2022-10-01
Cloudflare's invisible CAPTCHA works by probing browsers with JavaScript,Theregister,https://www.theregister.com/2022/09/28/cloudflares_new_captcha_killer_enters/,2022-10-01
Stonehill,Stonehill,https://www.stonehillskyhawks.com/sports/wice/2022-23/boxscores/20221029_l0sp.xml,2022-10-01
Where JavaScript is headed in 2022,InfoWorld,https://www.infoworld.com/article/3674859/where-javascript-is-headed-in-2022.html,2022-10-02
Can Choosing JavaScript over Python Make You Earn Six ...,Analytics Insight,https://www.analyticsinsight.net/can-choosing-javascript-over-python-make-you-earn-six-figures/,2022-10-02
Understanding Constructors in JavaScript,MakeUseOf,https://www.makeuseof.com/javascript-constructors-understanding/,2022-10-02
Useful JavaScript Math Functions and How to Use Them,SitePoint,https://www.sitepoint.com/javascript-math-functions/,2022-10-02
"How to learn Python, Javascript, C++, and more for just $40",ZDNET,https://www.zdnet.com/article/how-to-learn-python-javascript-c-and-more-for-just-40/,2022-10-02
An Introduction to Module Systems in JavaScript,MakeUseOf,https://www.makeuseof.com/javascript-module-systems/,2022-10-02
Cloudflare's invisible CAPTCHA works by probing browsers with JavaScript,The Register,https://www.theregister.com/2022/09/28/cloudflares_new_captcha_killer_enters/,2022-10-02
"Cloudflare previews workerd, an open source JavaScript ...",DevClass,https://devclass.com/2022/09/28/cloudflare-previews-workerd-an-open-source-javascript-wasm-runtime-for-nanoservices/,2022-10-02
Microsoft .NET 7 bolsters WebAssembly support,InfoWorld,https://www.infoworld.com/article/3674862/microsoft-net-7-bolsters-webassembly-support.html,2022-10-02
How to Upload Images in Node.js Using Multer,MakeUseOf,https://www.makeuseof.com/upload-image-in-nodejs-using-multer/,2022-10-02
Where JavaScript is headed in 2022,InfoWorld,https://www.infoworld.com/article/3674859/where-javascript-is-headed-in-2022.html,2022-10-03
Can Choosing JavaScript over Python Make You Earn Six ...,Analytics Insight,https://www.analyticsinsight.net/can-choosing-javascript-over-python-make-you-earn-six-figures/,2022-10-03
Understanding Constructors in JavaScript,MakeUseOf,https://www.makeuseof.com/javascript-constructors-understanding/,2022-10-03
Useful JavaScript Math Functions and How to Use Them,SitePoint,https://www.sitepoint.com/javascript-math-functions/,2022-10-03
"How to learn Python, Javascript, C++, and more for just $40",ZDNet,https://www.zdnet.com/article/how-to-learn-python-javascript-c-and-more-for-just-40/,2022-10-03
Cloudflare's invisible CAPTCHA works by probing browsers with JavaScript,Theregister,https://www.theregister.com/2022/09/28/cloudflares_new_captcha_killer_enters/,2022-10-03
"Cloudflare previews workerd, an open source JavaScript ...",DevClass,https://devclass.com/2022/09/28/cloudflare-previews-workerd-an-open-source-javascript-wasm-runtime-for-nanoservices/,2022-10-03
Microsoft .NET 7 bolsters WebAssembly support,InfoWorld,https://www.infoworld.com/article/3674862/microsoft-net-7-bolsters-webassembly-support.html,2022-10-03
How Node.Js can Make You a Six-figure Earning Data Scientist?,Analytics Insight,https://www.analyticsinsight.net/how-node-js-can-make-you-a-six-figure-earning-data-scientist/,2022-10-03
Why when i try to deobfuscate it crashes,SitePoint,https://www.sitepoint.com/community/t/why-when-i-try-to-deobfuscate-it-crashes/397183,2022-10-03
New JavaScript Interop improvements in .NET 7 RC 1,InfoQ,https://www.infoq.com/news/2022/10/javascript-interop-dotnet-7-rc-1/,2022-10-05
Bun JavaScript runtime is in the oven,InfoWorld,https://www.infoworld.com/article/3675351/bun-javascript-runtime-is-in-the-oven.html,2022-10-05
Where JavaScript is headed in 2022,InfoWorld,https://www.infoworld.com/article/3674859/where-javascript-is-headed-in-2022.html,2022-10-05
Bun JavaScript Runtime Adds Runtime Plugin API,I Programmer,https://www.i-programmer.info/news/136-open-source/15767-bun-javascript-runtime-adds-runtime-plugin-api-.html,2022-10-05
Accessible visualization with Olli JavaScript library,FlowingData,https://flowingdata.com/2022/10/04/accessible-visualization-with-olli-javascript-library/,2022-10-05
JavaScript sandbox vm2 remediates remote code execution risk,PortSwigger,https://portswigger.net/daily-swig/javascript-sandbox-vm2-remediates-remote-code-execution-risk,2022-10-05
"How do I filter the text, 'positivity' while preserving parents?",SitePoint,https://www.sitepoint.com/community/t/how-do-i-filter-the-text-positivity-while-preserving-parents/397696,2022-10-05
Can Choosing JavaScript over Python Make You Earn Six ...,Analytics Insight,https://www.analyticsinsight.net/can-choosing-javascript-over-python-make-you-earn-six-figures/,2022-10-05
Trojanized Comm100 Live Chat app installer distributed a ...,Security Affairs,https://securityaffairs.co/wordpress/136582/hacking/comm100-supply-chain-attack.html,2022-10-05
"How to learn Python, Javascript, C++, and more for just $40",ZDNet,https://www.zdnet.com/article/how-to-learn-python-javascript-c-and-more-for-just-40/,2022-10-05
New JavaScript Interop improvements in .NET 7 RC 1,InfoQ,https://www.infoq.com/news/2022/10/javascript-interop-dotnet-7-rc-1/,2022-10-06
Quick Tip: How to Use the Spread Operator in JavaScript,SitePoint,https://www.sitepoint.com/javascript-spread-operator/,2022-10-06
"Contrast Scan adds support for client-side JavaScript including Angular, React, & jQuery",Security Boulevard,https://securityboulevard.com/2022/10/contrast-scan-adds-support-for-client-side-javascript-including-angular-react-jquery/,2022-10-06
Bun JavaScript runtime is in the oven,InfoWorld,https://www.infoworld.com/article/3675351/bun-javascript-runtime-is-in-the-oven.html,2022-10-06
The Javascript Framework That Solves The Annoying Feature ...,Analytics India Magazine,https://analyticsindiamag.com/the-javascript-framework-that-solves-the-annoying-feature-speed-paradox/,2022-10-06
JavaScript sandbox vm2 remediates remote code execution risk,PortSwigger,https://portswigger.net/daily-swig/javascript-sandbox-vm2-remediates-remote-code-execution-risk,2022-10-06
Accessible visualization with Olli JavaScript library,FlowingData,https://flowingdata.com/2022/10/04/accessible-visualization-with-olli-javascript-library/,2022-10-06
Working with chrome API/Chrome extension? - JavaScript,SitePoint,https://www.sitepoint.com/community/t/working-with-chrome-api-chrome-extension/397373/,2022-10-06
Can Choosing JavaScript over Python Make You Earn Six ...,Analytics Insight,https://www.analyticsinsight.net/can-choosing-javascript-over-python-make-you-earn-six-figures/,2022-10-06
"How to learn Python, Javascript, C++, and more for just $40",ZDNet,https://www.zdnet.com/article/how-to-learn-python-javascript-c-and-more-for-just-40/,2022-10-06
Data visualization with Observable JavaScript,InfoWorld,https://www.infoworld.com/article/3674852/data-visualization-with-observable-javascript.html,2022-10-07
Learn Observable JavaScript with Observable notebooks,InfoWorld,https://www.infoworld.com/article/3674809/learn-observable-javascript-with-observable-notebooks.html,2022-10-07
"A beginner's guide to using Observable JavaScript, R, and Python with Quarto",InfoWorld,https://www.infoworld.com/article/3674789/a-beginners-guide-to-using-observable-javascript-r-and-python-with-quarto.html,2022-10-07
Contrast Security Launches Expanded Security Testing Tools ...,Dark Reading,https://www.darkreading.com/application-security/contrast-security-launches-expanded-security-testing-tools-for-javascript-and-popular-angular-react-and-jquery-frameworks,2022-10-07
New JavaScript Interop Improvements in .NET 7 RC 1,InfoQ,https://www.infoq.com/news/2022/10/javascript-interop-dotnet-7-rc-1/,2022-10-07
"Contrast Scan adds support for client-side JavaScript including Angular, React, & jQuery",Security Boulevard,https://securityboulevard.com/2022/10/contrast-scan-adds-support-for-client-side-javascript-including-angular-react-jquery/,2022-10-07
Quick Tip: How to Use the Spread Operator in JavaScript,SitePoint,https://www.sitepoint.com/javascript-spread-operator/,2022-10-07
Bun JavaScript runtime is in the oven,InfoWorld,https://www.infoworld.com/article/3675351/bun-javascript-runtime-is-in-the-oven.html,2022-10-07
JavaScript sandbox vm2 remediates remote code execution risk,PortSwigger,https://portswigger.net/daily-swig/javascript-sandbox-vm2-remediates-remote-code-execution-risk,2022-10-07
The Javascript Framework That Solves The Annoying Feature ...,Analytics India Magazine,https://analyticsindiamag.com/the-javascript-framework-that-solves-the-annoying-feature-speed-paradox/,2022-10-07
Data visualization with Observable JavaScript,InfoWorld,https://www.infoworld.com/article/3674852/data-visualization-with-observable-javascript.html,2022-10-08
Bun JavaScript runtime is in the oven,InfoWorld,https://www.infoworld.com/article/3675351/bun-javascript-runtime-is-in-the-oven.html,2022-10-08
New JavaScript Interop Improvements in .NET 7 RC 1,InfoQ,https://www.infoq.com/news/2022/10/javascript-interop-dotnet-7-rc-1/,2022-10-08
"A beginner's guide to using Observable JavaScript, R, and ...",InfoWorld,https://www.infoworld.com/article/3674789/a-beginners-guide-to-using-observable-javascript-r-and-python-with-quarto.html,2022-10-08
Learn Observable JavaScript with Observable notebooks,InfoWorld,https://www.infoworld.com/article/3674809/learn-observable-javascript-with-observable-notebooks.html,2022-10-08
Quick Tip: How to Use the Spread Operator in JavaScript,SitePoint,https://www.sitepoint.com/javascript-spread-operator/,2022-10-08
"Contrast Scan adds support for client-side JavaScript including Angular, React, & jQuery",Security Boulevard,https://securityboulevard.com/2022/10/contrast-scan-adds-support-for-client-side-javascript-including-angular-react-jquery/,2022-10-08
JavaScript sandbox vm2 remediates remote code execution risk,PortSwigger,https://portswigger.net/daily-swig/javascript-sandbox-vm2-remediates-remote-code-execution-risk,2022-10-08
The Javascript Framework That Solves The Annoying Feature ...,Analytics India Magazine,https://analyticsindiamag.com/the-javascript-framework-that-solves-the-annoying-feature-speed-paradox/,2022-10-08
Accessible visualization with Olli JavaScript library,FlowingData,https://flowingdata.com/2022/10/04/accessible-visualization-with-olli-javascript-library/,2022-10-08
Bun JavaScript runtime is in the oven,InfoWorld,https://www.infoworld.com/article/3675351/bun-javascript-runtime-is-in-the-oven.html,2022-10-09
Data visualization with Observable JavaScript,InfoWorld,https://www.infoworld.com/article/3674852/data-visualization-with-observable-javascript.html,2022-10-09
Learn Observable JavaScript with Observable notebooks,InfoWorld,https://www.infoworld.com/article/3674809/learn-observable-javascript-with-observable-notebooks.html,2022-10-09
New JavaScript Interop Improvements in .NET 7 RC 1,InfoQ,https://www.infoq.com/news/2022/10/javascript-interop-dotnet-7-rc-1/,2022-10-09
"A beginner's guide to using Observable JavaScript, R, and Python with Quarto",InfoWorld,https://www.infoworld.com/article/3674789/a-beginners-guide-to-using-observable-javascript-r-and-python-with-quarto.html,2022-10-09
The Missing Math Methods in JavaScript,SitePoint,https://www.sitepoint.com/javascript-missing-math-methods/,2022-10-09
Quick Tip: How to Use the Spread Operator in JavaScript,SitePoint,https://www.sitepoint.com/javascript-spread-operator/,2022-10-09
Contrast Security Launches Expanded Security Testing Tools ...,Dark Reading,https://www.darkreading.com/application-security/contrast-security-launches-expanded-security-testing-tools-for-javascript-and-popular-angular-react-and-jquery-frameworks,2022-10-09
Contrast Security introduces new security testing tools for ...,SD Times,https://sdtimes.com/security/contrast-security-introduces-new-security-testing-tools-for-javascript-frameworks/,2022-10-09
JavaScript sandbox vm2 remediates remote code execution risk,PortSwigger,https://portswigger.net/daily-swig/javascript-sandbox-vm2-remediates-remote-code-execution-risk,2022-10-09
Data visualization with Observable JavaScript,InfoWorld,https://www.infoworld.com/article/3674852/data-visualization-with-observable-javascript.html,2022-10-10
New JavaScript Interop Improvements in .NET 7 RC 1,InfoQ,https://www.infoq.com/news/2022/10/javascript-interop-dotnet-7-rc-1/,2022-10-10
"A beginner's guide to using Observable JavaScript, R, and Python with Quarto",InfoWorld,https://www.infoworld.com/article/3674789/a-beginners-guide-to-using-observable-javascript-r-and-python-with-quarto.html,2022-10-10
Learn Observable JavaScript with Observable notebooks,InfoWorld,https://www.infoworld.com/article/3674809/learn-observable-javascript-with-observable-notebooks.html,2022-10-10
The Missing Math Methods in JavaScript,SitePoint,https://www.sitepoint.com/javascript-missing-math-methods/,2022-10-10
Quick Tip: How to Use the Spread Operator in JavaScript,SitePoint,https://www.sitepoint.com/javascript-spread-operator/,2022-10-10
Selecting and Modifying Text That are not Unique,SitePoint,https://www.sitepoint.com/community/t/selecting-and-modifying-text-that-are-not-unique/398019/,2022-10-10
Selecting and Modifying Text That are not Unique,SitePoint,https://www.sitepoint.com/community/t/selecting-and-modifying-text-that-are-not-unique/398019,2022-10-10
Contrast Security introduces new security testing tools for ...,SD Times,https://sdtimes.com/security/contrast-security-introduces-new-security-testing-tools-for-javascript-frameworks/,2022-10-10
JavaScript sandbox vm2 remediates remote code execution risk,PortSwigger,https://portswigger.net/daily-swig/javascript-sandbox-vm2-remediates-remote-code-execution-risk,2022-10-10
JavaScript Developers on What Matters and What's Next,The New Stack,https://thenewstack.io/javascript-developers-on-what-matters-and-whats-next/,2022-10-11
Data visualization with Observable JavaScript,InfoWorld,https://www.infoworld.com/article/3674852/data-visualization-with-observable-javascript.html,2022-10-11
Researchers Detail Critical RCE Flaw Reported in Popular vm2 JavaScript Sandbox,The Hacker News,https://thehackernews.com/2022/10/researchers-detail-critical-rce-flaw.html,2022-10-11
New JavaScript Interop Improvements in .NET 7 RC 1,InfoQ,https://www.infoq.com/news/2022/10/javascript-interop-dotnet-7-rc-1/,2022-10-11
The Missing Math Methods in JavaScript,SitePoint,https://www.sitepoint.com/javascript-missing-math-methods/,2022-10-11
Quick Tip: How to Use the Spread Operator in JavaScript,SitePoint,https://www.sitepoint.com/javascript-spread-operator/,2022-10-11
"JSON Types, Functions, and Uses with Examples",Spiceworks,https://www.spiceworks.com/tech/devops/articles/what-is-json/,2022-10-11
Contrast Security Launches Expanded Security Testing Tools ...,Dark Reading,https://www.darkreading.com/application-security/contrast-security-launches-expanded-security-testing-tools-for-javascript-and-popular-angular-react-and-jquery-frameworks,2022-10-11
Bun JavaScript runtime is in the oven,Reseller News,https://www.reseller.co.nz/article/702014/bun-javascript-runtime-oven/,2022-10-11
Selecting and Modifying Text That are not Unique,SitePoint,https://www.sitepoint.com/community/t/selecting-and-modifying-text-that-are-not-unique/398019,2022-10-11
Researchers Detail Critical RCE Flaw Reported in Popular vm2 JavaScript Sandbox,The Hacker News,https://thehackernews.com/2022/10/researchers-detail-critical-rce-flaw.html,2022-10-12
Quick Tip: How to Use the Ternary Operator in JavaScript,SitePoint,https://www.sitepoint.com/javascript-ternary-operator/?utm_source=rss,2022-10-12
JavaScript Developers on What Matters and What's Next,The New Stack,https://thenewstack.io/javascript-developers-on-what-matters-and-whats-next/,2022-10-12
Data visualization with Observable JavaScript,InfoWorld,https://www.infoworld.com/article/3674852/data-visualization-with-observable-javascript.html,2022-10-12
Learn Observable JavaScript with Observable notebooks,InfoWorld,https://www.infoworld.com/article/3674809/learn-observable-javascript-with-observable-notebooks.html,2022-10-12
"A beginner's guide to using Observable JavaScript, R, and Python with Quarto",InfoWorld,https://www.infoworld.com/article/3674789/a-beginners-guide-to-using-observable-javascript-r-and-python-with-quarto.html,2022-10-12
"JSON Types, Functions, and Uses with Examples",Spiceworks,https://www.spiceworks.com/tech/devops/articles/what-is-json/,2022-10-12
Quick Tip: How to Use the Spread Operator in JavaScript,SitePoint,https://www.sitepoint.com/javascript-spread-operator/,2022-10-12
Contrast Security Launches Expanded Security Testing Tools ...,Dark Reading,https://www.darkreading.com/application-security/contrast-security-launches-expanded-security-testing-tools-for-javascript-and-popular-angular-react-and-jquery-frameworks,2022-10-12
"Contrast Scan adds support for client-side JavaScript including Angular, React, & jQuery",Security Boulevard,https://securityboulevard.com/2022/10/contrast-scan-adds-support-for-client-side-javascript-including-angular-react-jquery/,2022-10-12
Researchers Detail Critical RCE Flaw Reported in Popular vm2 JavaScript Sandbox,The Hacker News,https://thehackernews.com/2022/10/researchers-detail-critical-rce-flaw.html,2022-10-13
JavaScript Developers on What Matters and What's Next,The New Stack,https://thenewstack.io/javascript-developers-on-what-matters-and-whats-next/,2022-10-13
Quick Tip: How to Use the Ternary Operator in JavaScript,SitePoint,https://www.sitepoint.com/javascript-ternary-operator/?utm_source=rss,2022-10-13
"JSON Types, Functions, and Uses with Examples",Spiceworks,https://www.spiceworks.com/tech/devops/articles/what-is-json/,2022-10-13
Contrast Security Launches Expanded Security Testing Tools ...,Dark Reading,https://www.darkreading.com/application-security/contrast-security-launches-expanded-security-testing-tools-for-javascript-and-popular-angular-react-and-jquery-frameworks,2022-10-13
Qualys : Creating Awareness of External JavaScript Libraries in Web Applications,MarketScreener,https://www.marketscreener.com/quote/stock/QUALYS-INC-11612572/news/Qualys-Creating-Awareness-of-External-JavaScript-Libraries-in-Web-Applications-41992663/,2022-10-13
What's New in Livewire v3 Laravel Framework?,MakeUseOf,https://www.makeuseof.com/whats-new-in-livewire-v3-laravel-framework/,2022-10-13
No Need to Wait for .NET 8 to Try Experimental WebAssembly ...,Visual Studio Magazine,https://visualstudiomagazine.com/articles/2022/10/11/blazor-webassembly-net7.aspx?m=1,2022-10-13
Mid Front End Developer (JavaScript/React) (Contract ...,IT-Online,https://it-online.co.za/2022/10/11/mid-front-end-developer-javascript-react-contract-remote-at-datafin-recruitment/,2022-10-13
How to Validate User Account Details Using Regular ...,MakeUseOf,https://www.makeuseof.com/regular-expressions-validate-user-account/,2022-10-13
Magniber Ransomware Adopts JavaScript to Attack Individual ...,Infosecurity Magazine,https://www.infosecurity-magazine.com/news/magniber-ransomware-adopts/,2022-10-14
Magniber ransomware now infects Windows users via JavaScript files,Bleeping Computer,https://www.bleepingcomputer.com/news/security/magniber-ransomware-now-infects-windows-users-via-javascript-files/,2022-10-14
Quick Tip: How to Use the Ternary Operator in JavaScript,SitePoint,https://www.sitepoint.com/javascript-ternary-operator/,2022-10-14
Researchers Detail Critical RCE Flaw Reported in Popular vm2 JavaScript Sandbox,The Hacker News,https://thehackernews.com/2022/10/researchers-detail-critical-rce-flaw.html,2022-10-14
JavaScript Developers on What Matters and What's Next,The New Stack,https://thenewstack.io/javascript-developers-on-what-matters-and-whats-next/,2022-10-14
How does a site 'detect' an ad blocker?,SitePoint,https://www.sitepoint.com/community/t/how-does-a-site-detect-an-ad-blocker/398424/,2022-10-14
"JSON Types, Functions, and Uses with Examples",Spiceworks,https://www.spiceworks.com/tech/devops/articles/what-is-json/,2022-10-14
Qualys : Creating Awareness of External JavaScript Libraries in Web Applications,MarketScreener,https://www.marketscreener.com/quote/stock/QUALYS-INC-11612572/news/Qualys-Creating-Awareness-of-External-JavaScript-Libraries-in-Web-Applications-41992663/,2022-10-14
What's New in Livewire v3 Laravel Framework?,MakeUseOf,https://www.makeuseof.com/whats-new-in-livewire-v3-laravel-framework/,2022-10-14
AI Software Developer (JavaScript) - Semi Remote - R450 Per ...,IT-Online,https://it-online.co.za/2022/10/12/ai-software-developer-javascript-semi-remote-r450-per-hour-at-e-merge-it-recruitment-gauteng-centurion/,2022-10-14
Magniber Ransomware Adopts JavaScript to Attack Individual ...,Infosecurity Magazine,https://www.infosecurity-magazine.com/news/magniber-ransomware-adopts/,2022-10-15
Magniber ransomware now infects Windows users via JavaScript files,Bleeping Computer,https://www.bleepingcomputer.com/news/security/magniber-ransomware-now-infects-windows-users-via-javascript-files/,2022-10-15
Quick Tip: How to Use the Ternary Operator in JavaScript,SitePoint,https://www.sitepoint.com/javascript-ternary-operator/?utm_source=rss,2022-10-15
JavaScript Developers on What Matters and What's Next,The New Stack,https://thenewstack.io/javascript-developers-on-what-matters-and-whats-next/,2022-10-15
Researchers Detail Critical RCE Flaw Reported in Popular vm2 JavaScript Sandbox,The Hacker News,https://thehackernews.com/2022/10/researchers-detail-critical-rce-flaw.html,2022-10-15
How to Fetch Data in Javascript like a Pro,HackerNoon,https://hackernoon.com/how-to-fetch-data-in-javascript-like-a-pro,2022-10-15
How does a site 'detect' an ad blocker?,SitePoint,https://www.sitepoint.com/community/t/how-does-a-site-detect-an-ad-blocker/398424/,2022-10-15
"JSON Types, Functions, and Uses with Examples",Spiceworks,https://www.spiceworks.com/tech/devops/articles/what-is-json/,2022-10-15
Can’t Select Multiple aria Descendants - JavaScript,SitePoint,https://www.sitepoint.com/community/t/can-t-select-multiple-aria-descendants/398425/,2022-10-15
JavaScript Developer - Remote,IT-Online,https://it-online.co.za/2022/10/13/javascript-developer-remote/,2022-10-15
Magniber Ransomware Adopts JavaScript to Attack Individual ...,Infosecurity Magazine,https://www.infosecurity-magazine.com/news/magniber-ransomware-adopts/,2022-10-16
JavaScript Developers on What Matters and What's Next,The New Stack,https://thenewstack.io/javascript-developers-on-what-matters-and-whats-next/,2022-10-16
Magniber ransomware now infects Windows users via JavaScript files,Bleeping Computer,https://www.bleepingcomputer.com/news/security/magniber-ransomware-now-infects-windows-users-via-javascript-files/,2022-10-16
Researchers Detail Critical RCE Flaw Reported in Popular vm2 JavaScript Sandbox,The Hacker News,https://thehackernews.com/2022/10/researchers-detail-critical-rce-flaw.html,2022-10-16
Quick Tip: How to Use the Ternary Operator in JavaScript,SitePoint,https://www.sitepoint.com/javascript-ternary-operator/,2022-10-16
How to Fetch Data in Javascript like a Pro,HackerNoon,https://hackernoon.com/how-to-fetch-data-in-javascript-like-a-pro,2022-10-16
4 Simple Steps to Become a JavaScript Developer FREE,HackerNoon,https://hackernoon.com/4-simple-steps-to-become-a-javascript-developer-free,2022-10-16
"JSON Types, Functions, and Uses with Examples",Spiceworks,https://www.spiceworks.com/tech/devops/articles/what-is-json/,2022-10-16
Unified Patents is Seeking a Full Stack Developer,IPWatchdog.com,https://www.ipwatchdog.com/2022/10/16/unified-patents-seeking-full-stack-developer/id=152182/,2022-10-16
How does a site 'detect' an ad blocker?,SitePoint,https://www.sitepoint.com/community/t/how-does-a-site-detect-an-ad-blocker/398424/,2022-10-16
How to Update Object Key Values Using Javascript,HackerNoon,https://hackernoon.com/how-to-update-object-key-values-using-javascript,2022-10-17
Magniber Ransomware Adopts JavaScript to Attack Individual ...,Infosecurity Magazine,https://www.infosecurity-magazine.com/news/magniber-ransomware-adopts/,2022-10-17
Magniber ransomware now infects Windows users via JavaScript files,Bleeping Computer,https://www.bleepingcomputer.com/news/security/magniber-ransomware-now-infects-windows-users-via-javascript-files/,2022-10-17
JavaScript Developers on What Matters and What's Next,The New Stack,https://thenewstack.io/javascript-developers-on-what-matters-and-whats-next/,2022-10-17
Researchers Detail Critical RCE Flaw Reported in Popular vm2 JavaScript Sandbox,The Hacker News,https://thehackernews.com/2022/10/researchers-detail-critical-rce-flaw.html,2022-10-17
Quick Tip: How to Use the Ternary Operator in JavaScript,SitePoint,https://www.sitepoint.com/javascript-ternary-operator/,2022-10-17
4 Simple Steps to Become a JavaScript Developer FREE,HackerNoon,https://hackernoon.com/4-simple-steps-to-become-a-javascript-developer-free,2022-10-17
"JSON Types, Functions, and Uses with Examples",Spiceworks,https://www.spiceworks.com/tech/devops/articles/what-is-json/,2022-10-17
How does a site 'detect' an ad blocker?,SitePoint,https://www.sitepoint.com/community/t/how-does-a-site-detect-an-ad-blocker/398424/,2022-10-17
"Magniber Ransomware Switches To Javascript, Targeting Home Users With Fake Software Updates",Brand Spur,https://brandspurng.com/2022/10/17/magniber-ransomware-switches-to-javascript-targeting-home-users-with-fake-software-updates/,2022-10-17
Magniber ransomware now infects Windows users via JavaScript files,Bleeping Computer,https://www.bleepingcomputer.com/news/security/magniber-ransomware-now-infects-windows-users-via-javascript-files/,2022-10-18
Magniber Ransomware Adopts JavaScript to Attack Individual ...,OODA Loop,https://www.oodaloop.com/briefs/2022/10/17/magniber-ransomware-adopts-javascript-to-attack-individual-users/,2022-10-18
Quick Tip: How to Use the Ternary Operator in JavaScript,SitePoint,https://www.sitepoint.com/javascript-ternary-operator/,2022-10-18
4 Simple Steps to Become a JavaScript Developer FREE,HackerNoon,https://hackernoon.com/4-simple-steps-to-become-a-javascript-developer-free,2022-10-18
Hamburger menu no more working - JavaScript,SitePoint,https://www.sitepoint.com/community/t/hamburger-menu-no-more-working/398693,2022-10-18
Can’t Select Multiple aria Descendants - JavaScript,SitePoint,https://www.sitepoint.com/community/t/can-t-select-multiple-aria-descendants/398425/,2022-10-18
How does a site 'detect' an ad blocker?,SitePoint,https://www.sitepoint.com/community/t/how-does-a-site-detect-an-ad-blocker/398424,2022-10-18
Qualys : Creating Awareness of External JavaScript Libraries in Web Applications,MarketScreener,https://www.marketscreener.com/quote/stock/QUALYS-INC-11612572/news/Qualys-Creating-Awareness-of-External-JavaScript-Libraries-in-Web-Applications-41992663/,2022-10-18
Unified Patents is Seeking a Full Stack Developer,IPWatchdog.com,https://www.ipwatchdog.com/2022/10/16/unified-patents-seeking-full-stack-developer/id=152182/,2022-10-18
Mid Front End Developer (JavaScript/React) (Contract ...,IT-Online,https://it-online.co.za/2022/10/11/mid-front-end-developer-javascript-react-contract-remote-at-datafin-recruitment/,2022-10-18
JavaScript Jems - The Comma,I Programmer,https://www.i-programmer.info/programming/javascript/15801-javascript-jems-the-comma.html,2022-10-19
How to Update Object Key Values Using Javascript,HackerNoon,https://hackernoon.com/how-to-update-object-key-values-using-javascript,2022-10-19
JavaScript tool automates instrumentation for embedded ...,Electronics Weekly,https://www.electronicsweekly.com/news/products/software-products/javascript-tool-automates-instrumentation-for-embedded-system-development-2022-10/,2022-10-19
Magniber ransomware now infects Windows users via JavaScript files,Bleeping Computer,https://www.bleepingcomputer.com/news/security/magniber-ransomware-now-infects-windows-users-via-javascript-files/,2022-10-19
Magniber Ransomware Adopts JavaScript to Attack Individual ...,Infosecurity Magazine,https://www.infosecurity-magazine.com/news/magniber-ransomware-adopts/,2022-10-19
"Magniber Ransomware Switches To Javascript, Targeting Home Users With Fake Software Updates",Brand Spur,https://brandspurng.com/2022/10/17/magniber-ransomware-switches-to-javascript-targeting-home-users-with-fake-software-updates/,2022-10-19
Node.js 19 is now available,SD Times,https://sdtimes.com/software-development/node-js-19-is-now-available/,2022-10-19
TypeScript 4.8 Vs TypeScript 4.9: Which Will be the Perfect Bet ...,Analytics Insight,https://www.analyticsinsight.net/typescript-4-8-vs-typescript-4-9-which-will-be-the-perfect-bet-for-modern-coders/,2022-10-19
Hamburger menu no more working - JavaScript,SitePoint,https://www.sitepoint.com/community/t/hamburger-menu-no-more-working/398693,2022-10-19
Sandbreak - A Critical Remote Code Execution Bug Found in Widely Used vm2 JavaScript Sandbox,Cyber Security News,https://cybersecuritynews.com/sandbreak-vm2-javascript-sandbox-bug/,2022-10-19
